Player	Type	Index	Position X	Position Z	Angle
0	female	4	-12.000000	0.000000	0.000000
1	female	1	-9.000000	0.000000	0.000000
2	female	2	-6.000000	0.000000	0.000000
3	female	3	-3.000000	0.000000	0.000000
4	enby	0	0.000000	0.000000	0.000000
5	female	0	3.000000	0.000000	0.000000
6	female	5	6.000000	0.000000	0.000000
7	female	6	9.000000	0.000000	0.000000
8	female	7	12.000000	0.000000	0.000000
