{"dataset": "NW Standard", "window": {"window_title": "Neckerworld - NW Standard", "main_window_width": 1280, "main_window_height": 720, "main_window_channels": 4, "window_background_color": [0.2549, 0.313725, 0.282352, 1.0]}, "camera": {"camera_position": [0.0, 5.0, 14.5], "camera_target": [0.0, 0.0, 0.0], "camera_up": [0.0, 1.0, 0.0]}, "grounds": [{"ground_index": 0, "ground_uuid": "9787fbe0-68f9-40e7-81b7-904d36e7a848", "ground_scale_factor": 10.0, "ground_type": 3, "ground_color": [0.0, 1.0, 0.0, 1.0], "ground_material": 1, "ground_texture_index": 1, "ground_texture_map": [0.0, 0.0, 20.0, 0.0, 20.0, 20.0, 0.0, 20.0], "ground_spatial_position": [0.0, 0.0, 0.0], "ground_spatial_rotation": [0.0, 0.0, 0.0], "ground_view_position": [0.0, 5.0, 14.5], "ground_view_target": [0.0, 0.0, 0.0], "ground_view_up": [0.0, 1.0, 0.0]}], "cubes": [{"cube_index": 0, "cube_player": "male", "cube_uuid": "1354b75f-9ca5-4da5-80b2-8f0056f9e08e", "cube_emoticon": "1f609", "cube_firstname": "Jack", "cube_active": true, "cube_display": true, "cube_scale_factor": 1.1660442497464159, "cube_type": 3, "cube_color_class": "b", "cube_color": [0.12941176470588237, 0.1411764705882353, 0.7411764705882353, 1.0], "cube_material": 0, "cube_surface": "", "cube_texture_index": 2, "cube_texture_map": [0.0, 0.0, 0.5, 0.0, 0.5, 1.0, 0.0, 1.0, 0.5, 0.0, 1.0, 0.0, 1.0, 1.0, 0.5, 1.0, 0.5, 0.0, 1.0, 0.0, 1.0, 1.0, 0.5, 1.0, 0.5, 0.0, 1.0, 0.0, 1.0, 1.0, 0.5, 1.0, 0.5, 0.0, 1.0, 0.0, 1.0, 1.0, 0.5, 1.0, 0.5, 0.0, 1.0, 0.0, 1.0, 1.0, 0.5, 1.0], "cube_parameters": {}, "spatial_position": [3.6059312918693376, 1.1760442497464159, -2.5714391267882064], "spatial_rotation": [0.0, 0.2064446700508486, 0.0], "spatial_gaze": [0.0, 0.0], "spatial_radius": 1.6490355923185418, "spatial_destination": [0.0, 0.0, 0.0], "spatial_velocity": 0.0, "resource_energy": 100.0}, {"cube_index": 1, "cube_player": "female", "cube_uuid": "a1a98c6d-e123-4c7e-8cd0-9dabfdb60e22", "cube_emoticon": "1f62f", "cube_firstname": "Jill", "cube_active": true, "cube_display": true, "cube_scale_factor": 0.8232279164407639, "cube_type": 3, "cube_color_class": "w", "cube_color": [0.7098039215686275, 0.7098039215686275, 0.7098039215686275, 1.0], "cube_material": 0, "cube_surface": "", "cube_texture_index": 3, "cube_texture_map": [0.0, 0.0, 0.5, 0.0, 0.5, 1.0, 0.0, 1.0, 0.5, 0.0, 1.0, 0.0, 1.0, 1.0, 0.5, 1.0, 0.5, 0.0, 1.0, 0.0, 1.0, 1.0, 0.5, 1.0, 0.5, 0.0, 1.0, 0.0, 1.0, 1.0, 0.5, 1.0, 0.5, 0.0, 1.0, 0.0, 1.0, 1.0, 0.5, 1.0, 0.5, 0.0, 1.0, 0.0, 1.0, 1.0, 0.5, 1.0], "cube_parameters": {}, "spatial_position": [0.9866604474932856, 0.833227916440764, 3.62627407669257], "spatial_rotation": [0.0, 5.375748231828279, 0.0], "spatial_gaze": [0.0, 0.0], "spatial_radius": 1.1642200843546733, "spatial_destination": [0.0, 0.0, 0.0], "spatial_velocity": 0.0, "resource_energy": 100.0}, {"cube_index": 2, "cube_player": "enby", "cube_uuid": "d08f9dc2-8c83-4fba-b4ab-af1d1ae49ba6", "cube_emoticon": "1f633", "cube_firstname": "Hunter", "cube_active": true, "cube_display": true, "cube_scale_factor": 0.7604819221086675, "cube_type": 3, "cube_color_class": "p", "cube_color": [0.6823529411764706, 0.16862745098039217, 0.9607843137254902, 1.0], "cube_material": 0, "cube_surface": "", "cube_texture_index": 4, "cube_texture_map": [0.0, 0.0, 0.16666, 0.0, 0.16666, 1.0, 0.0, 1.0, 0.33333, 0.0, 0.5, 0.0, 0.5, 1.0, 0.33333, 1.0, 0.83333, 0.0, 0.83333, 1.0, 0.66666, 1.0, 0.66666, 0.0, 1.0, 0.0, 1.0, 1.0, 0.83333, 1.0, 0.83333, 0.0, 0.16666, 1.0, 0.16666, 0.0, 0.33333, 0.0, 0.33333, 1.0, 0.66666, 0.0, 0.66666, 1.0, 0.5, 1.0, 0.5, 0.0], "cube_parameters": {}, "spatial_position": [5.661916028190252, 0.7704819221086675, 6.960729040553753], "spatial_rotation": [0.0, -0.7853981633974483, 0.0], "spatial_gaze": [0.0, 0.0], "spatial_radius": 1.0754838481856372, "spatial_destination": [0.0, 0.0, 0.0], "spatial_velocity": 0.0, "resource_energy": 100.0}, {"cube_index": 3, "cube_player": "predator", "cube_uuid": "b5a49a67-60cf-4b10-b136-04f28d986368", "cube_emoticon": "1f63d", "cube_firstname": "Predator", "cube_active": true, "cube_display": true, "cube_scale_factor": 1.1587331717166975, "cube_type": 3, "cube_color_class": "r", "cube_color": [0.8980392156862745, 0.1843137254901961, 0.26666666666666666, 1.0], "cube_material": 0, "cube_surface": "surface-8-snakeskin-512x512", "cube_texture_index": 5, "cube_texture_map": [0.0, 0.0, 0.16666, 0.0, 0.16666, 1.0, 0.0, 1.0, 0.33333, 0.0, 0.5, 0.0, 0.5, 1.0, 0.33333, 1.0, 0.83333, 0.0, 0.83333, 1.0, 0.66666, 1.0, 0.66666, 0.0, 1.0, 0.0, 1.0, 1.0, 0.83333, 1.0, 0.83333, 0.0, 0.16666, 1.0, 0.16666, 0.0, 0.33333, 0.0, 0.33333, 1.0, 0.66666, 0.0, 0.66666, 1.0, 0.5, 1.0, 0.5, 0.0], "cube_parameters": {}, "spatial_position": [-5.869175668233945, 1.1687331717166975, -1.3895444125031053], "spatial_rotation": [0.0, 0.7880859605606255, 0.0], "spatial_gaze": [0.0, 0.0], "spatial_radius": 1.638696166613346, "spatial_destination": [0.0, 0.0, 0.0], "spatial_velocity": 0.0, "resource_energy": 100.0}, {"cube_index": 4, "cube_player": "resource", "cube_uuid": "cd9d80e9-40d7-49f6-b92b-ac41b4161fff", "cube_emoticon": "1f370", "cube_firstname": "Food", "cube_active": true, "cube_display": true, "cube_scale_factor": 0.8258545191808149, "cube_type": 3, "cube_color_class": "g", "cube_color": [0.058823529411764705, 1.0, 0.1411764705882353, 1.0], "cube_material": 0, "cube_surface": "", "cube_texture_index": 6, "cube_texture_map": [0.0, 0.0, 0.5, 0.0, 0.5, 1.0, 0.0, 1.0, 0.5, 0.0, 1.0, 0.0, 1.0, 1.0, 0.5, 1.0, 0.0, 0.0, 0.5, 0.0, 0.5, 1.0, 0.0, 1.0, 0.5, 0.0, 1.0, 0.0, 1.0, 1.0, 0.5, 1.0, 0.0, 0.0, 0.5, 0.0, 0.5, 1.0, 0.0, 1.0, 0.0, 0.0, 0.5, 0.0, 0.5, 1.0, 0.0, 1.0], "cube_parameters": {}, "spatial_position": [-4.595876890857919, 0.8358545191808149, 7.691108589757597], "spatial_rotation": [0.0, 5.70378068520789, 0.0], "spatial_gaze": [0.0, 0.0], "spatial_radius": 1.1679346615726198, "spatial_destination": [0.0, 0.0, 0.0], "spatial_velocity": 0.0, "resource_energy": 2000.0}], "lights": [{"light_index": 0, "light_position": [5.0, 10.0, 5.0], "light_intensity": [1.0, 1.0, 1.0], "light_ambient": [0.25, 0.25, 0.25], "light_diffuse": [0.75, 0.75, 0.75], "light_specular": [0.0, 0.0, 0.0], "light_constant": 1.0, "light_linear": 0.045, "light_quadratic": 0.0075}, {"light_index": 1, "light_position": [-5.0, 10.0, 5.0], "light_intensity": [1.0, 1.0, 1.0], "light_ambient": [0.25, 0.25, 0.25], "light_diffuse": [0.75, 0.75, 0.75], "light_specular": [0.0, 0.0, 0.0], "light_constant": 1.0, "light_linear": 0.045, "light_quadratic": 0.0075}], "materials": [{"material_index": 0, "material_ambient": [1.0, 1.0, 1.0], "material_diffuse": [1.0, 1.0, 1.0], "material_specular": [0.0, 0.0, 0.0], "material_shininess": 0.0}, {"material_index": 1, "material_ambient": [1.0, 1.0, 1.0], "material_diffuse": [0.0196078431372549, 0.6235294117647059, 0.32941176470588235], "material_specular": [0.0, 0.0, 0.0], "material_shininess": 0.0}], "textures": [{"texture_index": 0, "texture_filename": "../assets/Grey-100.png"}, {"texture_index": 1, "texture_filename": "../assets/texref-512x512.png"}, {"texture_index": 2, "texture_filename": "../assets/textures/1f609-texture.png"}, {"texture_index": 3, "texture_filename": "../assets/textures/1f62f-texture.png"}, {"texture_index": 4, "texture_filename": "../assets/texture-1f633-3072x512.png"}, {"texture_index": 5, "texture_filename": "../assets/textures/1f63d-texture.png"}, {"texture_index": 6, "texture_filename": "../assets/textures/1f370-texture.png"}]}