Player	Type	Index	Position X	Position Z	Angle
0	male	5	3.605931	-2.571439	0.206445
1	female	24	0.986660	3.626274	5.375748
2	enby	2	5.661916	6.960729	-0.785398
3	predator	6	-5.869176	-1.389544	0.788086
4	resource	43	-4.595877	7.691109	5.703781
